ID,Label,Count
Counter-Strike: Global Offensive,Counter-Strike: Global Offensive,10111
PAYDAY 2,PAYDAY 2,7144
Unturned,Unturned,6643
Left 4 Dead 2,Left 4 Dead 2,6467
Garry's Mod,Garry's Mod,5762
Warframe,Warframe,5704
PLAYERUNKNOWN'S BATTLEGROUNDS,PLAYERUNKNOWN'S BATTLEGROUNDS,5378
Paladins - Public Test,Paladins - Public Test,5373
Paladins,Paladins,5310
Grand Theft Auto V,Grand Theft Auto V,5104
Z1 Battle Royale,Z1 Battle Royale,4984
Portal 2,Portal 2,4645
Destiny 2,Destiny 2,4602
Brawlhalla,Brawlhalla,4584
Among Us,Among Us,4558
Tom Clancy's Rainbow Six Siege,Tom Clancy's Rainbow Six Siege,4466
Tom Clancy's Rainbow Six Siege - Test Server,Tom Clancy's Rainbow Six Siege - Test Server,4466
Tomb Raider,Tomb Raider,4451
Wallpaper Engine,Wallpaper Engine,4345
War Thunder,War Thunder,4136
Heroes & Generals,Heroes & Generals,4058
Rust - Staging Branch,Rust - Staging Branch,4045
Rust,Rust,4043
Counter-Strike,Counter-Strike,4038
Rocket League,Rocket League,3975
Terraria,Terraria,3953
Dota 2 Test,Dota 2 Test,3941
Insurgency,Insurgency,3842
Counter-Strike: Condition Zero,Counter-Strike: Condition Zero,3804
Counter-Strike: Condition Zero Deleted Scenes,Counter-Strike: Condition Zero Deleted Scenes,3804
Borderlands 2,Borderlands 2,3615
Deceit,Deceit,3531
Ring of Elysium,Ring of Elysium,3455
Half-Life 2: Lost Coast,Half-Life 2: Lost Coast,3436
Euro Truck Simulator 2,Euro Truck Simulator 2,3413
VRChat,VRChat,3338
Apex Legends,Apex Legends,3233
Company of Heroes 2,Company of Heroes 2,3232
Path of Exile,Path of Exile,3228
Don't Starve Together,Don't Starve Together,3228
For Honor,For Honor,3215
For Honor - Public Test,For Honor - Public Test,3215
Warface,Warface,3187
Life is Strange™,Life is Strange™,3115
Black Squad,Black Squad,3100
Counter-Strike: Source,Counter-Strike: Source,3061
The Forest,The Forest,3042
The Witcher 3: Wild Hunt,The Witcher 3: Wild Hunt,2996
Robocraft,Robocraft,2935
ARK: Survival Of The Fittest,ARK: Survival Of The Fittest,2809
SMITE,SMITE,2800
SMITE - Public Test,SMITE - Public Test,2798
Dirty Bomb,Dirty Bomb,2783
Dead by Daylight,Dead by Daylight,2779
Trove,Trove,2748
Quake Champions,Quake Champions,2709
Minion Masters,Minion Masters,2696
Portal,Portal,2662
Business Tour - Online Multiplayer Board Game,Business Tour - Online Multiplayer Board Game,2660
Outlast,Outlast,2654
Realm Royale,Realm Royale,2631
Realm Royale - Test Server,Realm Royale - Test Server,2631
Killing Floor Mod: Defence Alliance 2,Killing Floor Mod: Defence Alliance 2,2522
No More Room in Hell,No More Room in Hell,2516
Half-Life 2,Half-Life 2,2486
Amnesia: The Dark Descent,Amnesia: The Dark Descent,2484
The Elder Scrolls V: Skyrim,The Elder Scrolls V: Skyrim,2473
Chivalry: Medieval Warfare,Chivalry: Medieval Warfare,2472
PlanetSide 2,PlanetSide 2,2431
PlanetSide 2 - Test,PlanetSide 2 - Test,2431
ARK: Survival Evolved,ARK: Survival Evolved,2426
Total War: SHOGUN 2,Total War: SHOGUN 2,2414
Dying Light,Dying Light,2412
Half-Life 2: Deathmatch,Half-Life 2: Deathmatch,2382
Grand Theft Auto: Vice City,Grand Theft Auto: Vice City,2354
GRID 2,GRID 2,2336
DiRT Rally,DiRT Rally,2309
Aim Lab,Aim Lab,2301
Half-Life,Half-Life,2265
HITMAN™ 2,HITMAN™ 2,2229
SEGA Mega Drive & Genesis Classics,SEGA Mega Drive & Genesis Classics,2206
Just Cause 2,Just Cause 2,2195
Injustice: Gods Among Us Ultimate Edition,Injustice: Gods Among Us Ultimate Edition,2193
Arma 3,Arma 3,2181
The Witcher 2: Assassins of Kings Enhanced Edition,The Witcher 2: Assassins of Kings Enhanced Edition,2142
Just Cause 3,Just Cause 3,2138
Borderlands: The Pre-Sequel,Borderlands: The Pre-Sequel,2138
Grand Theft Auto III,Grand Theft Auto III,2116
Counter-Strike Nexon: Studio,Counter-Strike Nexon: Studio,2115
Totally Accurate Battlegrounds,Totally Accurate Battlegrounds,2109
Battlerite,Battlerite,2107
DiRT 3 Complete Edition,DiRT 3 Complete Edition,2103
Fall Guys: Ultimate Knockout,Fall Guys: Ultimate Knockout,2089
Crusader Kings II,Crusader Kings II,2068
Viscera Cleanup Detail: Shadow Warrior,Viscera Cleanup Detail: Shadow Warrior,2051
Half-Life Deathmatch: Source,Half-Life Deathmatch: Source,2046
Clicker Heroes,Clicker Heroes,2029
Spec Ops: The Line,Spec Ops: The Line,2029
Guns of Icarus Online,Guns of Icarus Online,2020
Half-Life 2: Episode One,Half-Life 2: Episode One,2012
Human: Fall Flat,Human: Fall Flat,2005
Half-Life 2: Episode Two,Half-Life 2: Episode Two,2001
Killing Floor,Killing Floor,1998
CRSED,CRSED,1978
Battlerite Public Test,Battlerite Public Test,1973
Easy eSports,Easy eSports,1971
SCP: Secret Laboratory,SCP: Secret Laboratory,1960
Sid Meier's Civilization V,Sid Meier's Civilization V,1955
Saints Row: The Third,Saints Row: The Third,1950
Saints Row IV,Saints Row IV,1924
Fallout 4,Fallout 4,1913
A Story About My Uncle,A Story About My Uncle,1897
Stardew Valley,Stardew Valley,1889
Fallout Shelter,Fallout Shelter,1882
Grand Theft Auto IV: The Complete Edition,Grand Theft Auto IV: The Complete Edition,1879
BioShock Infinite,BioShock Infinite,1875
Cities: Skylines,Cities: Skylines,1874
Half-Life: Blue Shift,Half-Life: Blue Shift,1858
Amnesia: A Machine for Pigs,Amnesia: A Machine for Pigs,1849
Drawful 2,Drawful 2,1846
Layers of Fear,Layers of Fear,1843
Evolve Stage 2,Evolve Stage 2,1842
The Darkness II,The Darkness II,1830
PAYDAY: The Heist,PAYDAY: The Heist,1824
Left 4 Dead,Left 4 Dead,1817
theHunter Classic,theHunter Classic,1806
Dead Island: Epidemic,Dead Island: Epidemic,1804
The Elder Scrolls V: Skyrim Special Edition,The Elder Scrolls V: Skyrim Special Edition,1801
Black Desert Online,Black Desert Online,1797
The Walking Dead,The Walking Dead,1791
Shadow Warrior,Shadow Warrior,1777
APB Reloaded,APB Reloaded,1770
Lara Croft and the Temple of Osiris,Lara Croft and the Temple of Osiris,1759
Rising Storm/Red Orchestra 2 Multiplayer,Rising Storm/Red Orchestra 2 Multiplayer,1748
LIMBO,LIMBO,1746
Phasmophobia,Phasmophobia,1721
Homefront,Homefront,1718
Saints Row 2,Saints Row 2,1710
Dota Underlords,Dota Underlords,1706
DARK SOULS™ III,DARK SOULS™ III,1702
The Witcher: Enhanced Edition,The Witcher: Enhanced Edition,1679
Castle Crashers,Castle Crashers,1678
Grand Theft Auto: San Andreas,Grand Theft Auto: San Andreas,1670
AdVenture Capitalist,AdVenture Capitalist,1664
Arma 2,Arma 2,1657
7 Days to Die,7 Days to Die,1653
POSTAL 2,POSTAL 2,1651
Age of Wonders III,Age of Wonders III,1647
Middle-earth™: Shadow of Mordor™,Middle-earth™: Shadow of Mordor™,1629
BioShock,BioShock,1616
BioShock Remastered,BioShock Remastered,1616
Infestation: The New Z,Infestation: The New Z,1612
Kingdom: Classic,Kingdom: Classic,1611
Stick Fight: The Game,Stick Fight: The Game,1602
DOOM,DOOM,1592
Fistful of Frags,Fistful of Frags,1586
The Bureau: XCOM Declassified,The Bureau: XCOM Declassified,1554
Hacknet,Hacknet,1553
GOAT OF DUTY,GOAT OF DUTY,1551
World of Tanks Blitz,World of Tanks Blitz,1548
Cry of Fear,Cry of Fear,1540
Ultimate Epic Battle Simulator,Ultimate Epic Battle Simulator,1538
Survarium,Survarium,1533
Sniper Elite V2,Sniper Elite V2,1519
Arma 2: Operation Arrowhead,Arma 2: Operation Arrowhead,1517
Arma 2: Operation Arrowhead Beta (Obsolete),Arma 2: Operation Arrowhead Beta (Obsolete),1514
Killing Floor 2,Killing Floor 2,1510
Killing Floor 2 - SDK,Killing Floor 2 - SDK,1509
Neverwinter,Neverwinter,1504
Rise of the Tomb Raider,Rise of the Tomb Raider,1500
Fishing Planet,Fishing Planet,1495
BioShock 2,BioShock 2,1490
BioShock 2 Remastered,BioShock 2 Remastered,1490
RaceRoom Racing Experience ,RaceRoom Racing Experience ,1489
Half-Life: Opposing Force,Half-Life: Opposing Force,1484
Fallout,Fallout,1480
Sanctum 2,Sanctum 2,1475
Hand Simulator,Hand Simulator,1472
Valheim,Valheim,1466
F1 2015,F1 2015,1466
Day of Defeat,Day of Defeat,1465
Far Cry® 3,Far Cry® 3,1459
Don't Starve,Don't Starve,1459
Golf With Your Friends,Golf With Your Friends,1457
DayZ,DayZ,1456
Team Fortress Classic,Team Fortress Classic,1456
HITMAN™,HITMAN™,1456
The LEGO® NINJAGO® Movie Video Game,The LEGO® NINJAGO® Movie Video Game,1449
Last Man Standing,Last Man Standing,1447
Crossout,Crossout,1447
Deathmatch Classic,Deathmatch Classic,1433
Ricochet,Ricochet,1433
Borderlands GOTY,Borderlands GOTY,1432
Borderlands GOTY Enhanced,Borderlands GOTY Enhanced,1432
Hitman: Absolution,Hitman: Absolution,1427
Metro: Last Light Redux,Metro: Last Light Redux,1424
Doki Doki Literature Club,Doki Doki Literature Club,1422
Cyberpunk 2077,Cyberpunk 2077,1418
Creativerse,Creativerse,1412
Mirror's Edge,Mirror's Edge,1409
World of Warships,World of Warships,1407
Fallout: New Vegas,Fallout: New Vegas,1392
Day of Defeat: Source,Day of Defeat: Source,1388
Metro 2033 Redux,Metro 2033 Redux,1385
Goat Simulator,Goat Simulator,1384
BattleBlock Theater,BattleBlock Theater,1381
"Warhammer 40,000: Space Marine","Warhammer 40,000: Space Marine",1363
Batman: Arkham City GOTY,Batman: Arkham City GOTY,1360
Dungeon Defenders II,Dungeon Defenders II,1356
Argo,Argo,1350
Hotline Miami,Hotline Miami,1344
Sins of a Solar Empire: Rebellion,Sins of a Solar Empire: Rebellion,1326
Darwin Project,Darwin Project,1321
Monster Hunter: World,Monster Hunter: World,1320
DiRT Showdown,DiRT Showdown,1315
Sid Meier's Civilization III: Complete,Sid Meier's Civilization III: Complete,1314
The Binding of Isaac,The Binding of Isaac,1313
Serious Sam Fusion 2017 (beta),Serious Sam Fusion 2017 (beta),1310
Pixel Puzzles Ultimate,Pixel Puzzles Ultimate,1309
Starbound,Starbound,1295
Starbound - Unstable,Starbound - Unstable,1295
Dishonored,Dishonored,1294
Tabletop Simulator,Tabletop Simulator,1290
Raft,Raft,1288
ORION: Prelude,ORION: Prelude,1288
Call of Duty: Black Ops II - Zombies,Call of Duty: Black Ops II - Zombies,1279
TrackMania Nations Forever,TrackMania Nations Forever,1279
Call of Duty: Black Ops II,Call of Duty: Black Ops II,1278
Call of Duty: Black Ops II - Multiplayer,Call of Duty: Black Ops II - Multiplayer,1278
The Uncertain: Last Quiet Day,The Uncertain: Last Quiet Day,1269
LEGO® The Lord of the Rings™,LEGO® The Lord of the Rings™,1266
Enclave,Enclave,1255
Realm of the Mad God Exalt,Realm of the Mad God Exalt,1252
Headsnatchers,Headsnatchers,1249
KHOLAT,KHOLAT,1246
Half-Life: Source,Half-Life: Source,1241
LEGO® The Hobbit™,LEGO® The Hobbit™,1240
Warhammer: Vermintide 2 Closed Test,Warhammer: Vermintide 2 Closed Test,1232
Dead Island,Dead Island,1230
GRID,GRID,1214
Mount & Blade: Warband,Mount & Blade: Warband,1200
SpeedRunners,SpeedRunners,1175
Warhammer: Vermintide 2,Warhammer: Vermintide 2,1175
Tom Clancy's Ghost Recon Phantoms - EU,Tom Clancy's Ghost Recon Phantoms - EU,1173
Guns of Icarus Alliance,Guns of Icarus Alliance,1170
PAYDAY 2: John Wick Weapon Pack,PAYDAY 2: John Wick Weapon Pack,1165
Sven Co-op,Sven Co-op,1163
This War of Mine,This War of Mine,1159
Prison Architect,Prison Architect,1158
Age of Empires II (2013),Age of Empires II (2013),1150
The Awesome Adventures of Captain Spirit,The Awesome Adventures of Captain Spirit,1131
Sleeping Dogs: Definitive Edition,Sleeping Dogs: Definitive Edition,1126
EVE Online,EVE Online,1125
Space Engineers,Space Engineers,1125
Block N Load,Block N Load,1122
Blender,Blender,1112
Serious Sam 3: BFE,Serious Sam 3: BFE,1108
Deiland,Deiland,1107
Call of Duty: Modern Warfare 2,Call of Duty: Modern Warfare 2,1102
Call of Duty: Modern Warfare 2 - Multiplayer,Call of Duty: Modern Warfare 2 - Multiplayer,1102
Transformice,Transformice,1097
Mafia II (Classic),Mafia II (Classic),1081
Mafia II: Definitive Edition,Mafia II: Definitive Edition,1081
Defiance,Defiance,1077
Plague Inc: Evolved,Plague Inc: Evolved,1076
Sid Meier's Civilization VI,Sid Meier's Civilization VI,1071
The Long Dark,The Long Dark,1069
Undertale,Undertale,1068
Geneshift,Geneshift,1067
BLOCKADE 3D,BLOCKADE 3D,1066
Far Cry 5,Far Cry 5,1064
Call of Duty: Black Ops III,Call of Duty: Black Ops III,1063
Spiral Knights,Spiral Knights,1060
Hitman: Sniper Challenge,Hitman: Sniper Challenge,1057
The Lab,The Lab,1057
S.K.I.L.L. - Special Force 2,S.K.I.L.L. - Special Force 2,1055
World of Guns: Gun Disassembly,World of Guns: Gun Disassembly,1048
Sniper Elite 3,Sniper Elite 3,1047
Just Survive,Just Survive,1040
Just Survive Test Server,Just Survive Test Server,1040
The Expendabros,The Expendabros,1039
No Man's Sky,No Man's Sky,1035
UNO,UNO,1026
SNOW,SNOW,1024
Arma 2: DayZ Mod,Arma 2: DayZ Mod,1024
Sniper Ghost Warrior 2,Sniper Ghost Warrior 2,1004
Mortal Kombat X,Mortal Kombat X,1002
Layers of Fear - Soundtrack,Layers of Fear - Soundtrack,1001
Friday the 13th: The Game,Friday the 13th: The Game,997
RISK: Global Domination,RISK: Global Domination,995
The Elder Scrolls Online,The Elder Scrolls Online,988
Codename CURE,Codename CURE,986
"Star Wars: Battlefront 2 (Classic, 2005)","Star Wars: Battlefront 2 (Classic, 2005)",978
DCS World Steam Edition,DCS World Steam Edition,978
Bloons TD 6,Bloons TD 6,977
Blackwake,Blackwake,976
Call of Duty: Black Ops III – Mod Tools,Call of Duty: Black Ops III – Mod Tools,974
Battlefield: Bad Company™ 2,Battlefield: Bad Company™ 2,974
Pixel Puzzles Traditional Jigsaws,Pixel Puzzles Traditional Jigsaws,969
Pummel Party,Pummel Party,969
Magicka: Wizard Wars,Magicka: Wizard Wars,959
Kao the Kangaroo: Round 2,Kao the Kangaroo: Round 2,958
F1 2018,F1 2018,958
American Truck Simulator,American Truck Simulator,945
Hotline Miami 2: Wrong Number,Hotline Miami 2: Wrong Number,939
Sea of Thieves,Sea of Thieves,934
Marvel Heroes Omega,Marvel Heroes Omega,930
Risk of Rain 2,Risk of Rain 2,929
Yu-Gi-Oh! Duel Links,Yu-Gi-Oh! Duel Links,927
America's Army: Proving Grounds,America's Army: Proving Grounds,921
ESEA,ESEA,918
Alien Swarm: Reactive Drop,Alien Swarm: Reactive Drop,912
We Were Here,We Were Here,912
Geometry Dash,Geometry Dash,910
Halo: The Master Chief Collection,Halo: The Master Chief Collection,906
Skyrim Script Extender (SKSE),Skyrim Script Extender (SKSE),904
Grimm,Grimm,904
Quiplash,Quiplash,903
WARMODE,WARMODE,902
Sniper Elite 4,Sniper Elite 4,901
Toribash,Toribash,898
10 Second Ninja X,10 Second Ninja X,896
Hearts of Iron IV,Hearts of Iron IV,894
Black Desert,Black Desert,888
Gotham City Impostors: Free To Play,Gotham City Impostors: Free To Play,887
Call of Duty: Modern Warfare 3,Call of Duty: Modern Warfare 3,883
Call of Duty: Modern Warfare 3 - Multiplayer,Call of Duty: Modern Warfare 3 - Multiplayer,883
The Binding of Isaac: Rebirth,The Binding of Isaac: Rebirth,881
CS:GO Player Profiles: Edward - Na'Vi,CS:GO Player Profiles: Edward - Na'Vi,877
CS:GO Player Profiles: kennyS - Team Envyus,CS:GO Player Profiles: kennyS - Team Envyus,876
CS:GO Player Profiles: pashaBiceps - Virtus.Pro,CS:GO Player Profiles: pashaBiceps - Virtus.Pro,876
CS:GO Player Profiles: olofmeister - fnatic,CS:GO Player Profiles: olofmeister - fnatic,875
CS:GO Player Profiles: markeloff - Flipsid3,CS:GO Player Profiles: markeloff - Flipsid3,875
CS:GO Player Profiles: Guardian - Na'Vi,CS:GO Player Profiles: Guardian - Na'Vi,875
CS:GO Player Profiles: Maikelele - FaZe,CS:GO Player Profiles: Maikelele - FaZe,875
CS:GO Player Profiles: Fer - SK Gaming,CS:GO Player Profiles: Fer - SK Gaming,875
CS:GO Player Profiles: Tarik - Counter Logic Gaming,CS:GO Player Profiles: Tarik - Counter Logic Gaming,875
CS:GO Player Profiles,CS:GO Player Profiles,874
CS:GO Player Profiles: n0thing - Cloud9,CS:GO Player Profiles: n0thing - Cloud9,874
CS:GO Player Profiles:  TaZ - Virtus.Pro,CS:GO Player Profiles:  TaZ - Virtus.Pro,874
CS:GO Player Profiles: GeT_RiGhT - Ninjas in Pyjamas,CS:GO Player Profiles: GeT_RiGhT - Ninjas in Pyjamas,874
CS:GO Player Profiles: device - Team SoloMid,CS:GO Player Profiles: device - Team SoloMid,874
CS:GO Player Profiles: FalleN - Luminosity,CS:GO Player Profiles: FalleN - Luminosity,874
CS:GO Player Profiles: karrigan - Astralis,CS:GO Player Profiles: karrigan - Astralis,874
CS:GO Player Profiles: Happy - Team EnVyUs,CS:GO Player Profiles: Happy - Team EnVyUs,874
CS:GO Player Profiles: fnx - Luminosity,CS:GO Player Profiles: fnx - Luminosity,874
CS:GO Player Profiles: Friberg - Ninjas in Pyjamas,CS:GO Player Profiles: Friberg - Ninjas in Pyjamas,874
CS:GO Player Profiles: Dupreeh - Astralis,CS:GO Player Profiles: Dupreeh - Astralis,874
CS:GO Player Profiles: Hiko - Team Liquid,CS:GO Player Profiles: Hiko - Team Liquid,874
CS:GO Player Profiles: Counter-Strike: A Brief History,CS:GO Player Profiles: Counter-Strike: A Brief History,874
CS:GO Player Profiles: Zeus - Gambit,CS:GO Player Profiles: Zeus - Gambit,874
CS:GO Player Profiles: coldzera – SK Gaming,CS:GO Player Profiles: coldzera – SK Gaming,874
CS:GO Player Profiles: s1mple – Natus Vincere,CS:GO Player Profiles: s1mple – Natus Vincere,874
Blacklight: Retribution,Blacklight: Retribution,874
Tom Clancy's The Division,Tom Clancy's The Division,865
Tom Clancy's The Division PTS,Tom Clancy's The Division PTS,865
Subnautica,Subnautica,864
Albion Online,Albion Online,858
Squad,Squad,858
Squad - Public Testing,Squad - Public Testing,858
Bloons TD Battles,Bloons TD Battles,856
KurtzPel,KurtzPel,823
Double Action: Boogaloo,Double Action: Boogaloo,822
Tactical Intervention,Tactical Intervention,806
FreeStyle 2: Street Basketball,FreeStyle 2: Street Basketball,803
Outlast 2,Outlast 2,803
Emily is Away,Emily is Away,803
Call of Duty: Black Ops,Call of Duty: Black Ops,801
Call of Duty: Black Ops - Multiplayer,Call of Duty: Black Ops - Multiplayer,801
Quake Live,Quake Live,790
theHunter: Call of the Wild™,theHunter: Call of the Wild™,788
Assetto Corsa,Assetto Corsa,786
Two Worlds: Epic Edition,Two Worlds: Epic Edition,773
Call of Duty: WWII,Call of Duty: WWII,769
Call of Duty: WWII - Multiplayer,Call of Duty: WWII - Multiplayer,769
The Descendant,The Descendant,762
SoulWorker,SoulWorker,762
Spore,Spore,760
Everlasting Summer,Everlasting Summer,754
TERA,TERA,742
Heavy Metal Machines,Heavy Metal Machines,737
Mitos.is: The Game,Mitos.is: The Game,737
The Lord of the Rings Online™,The Lord of the Rings Online™,729
Call to Arms,Call to Arms,723
Depth,Depth,717
Tribes: Ascend,Tribes: Ascend,715
Watch_Dogs 2,Watch_Dogs 2,714
Line of Sight,Line of Sight,714
Call of Duty: World at War,Call of Duty: World at War,711
Helltaker,Helltaker,710
tModLoader,tModLoader,706
Conan Exiles,Conan Exiles,701
Conan Exiles - Testlive Client,Conan Exiles - Testlive Client,701
Spintires® - Editor,Spintires® - Editor,691
Europa Universalis IV,Europa Universalis IV,685
Blood and Bacon,Blood and Bacon,685
SCUM,SCUM,677
Gear Up,Gear Up,676
Metin2,Metin2,676
Aftermath,Aftermath,676
Anomaly Zone,Anomaly Zone,674
Tom Clancy's Ghost Recon Phantoms - NA,Tom Clancy's Ghost Recon Phantoms - NA,672
Red Dead Redemption 2,Red Dead Redemption 2,670
MORDHAU,MORDHAU,669
Riders of Icarus,Riders of Icarus,652
Conqueror's Blade,Conqueror's Blade,646
A.V.A. Alliance of Valiant Arms™,A.V.A. Alliance of Valiant Arms™,643
Shakes and Fidget,Shakes and Fidget,627
Borderlands 2 RU,Borderlands 2 RU,624
STAR WARS™: The Old Republic™,STAR WARS™: The Old Republic™,619
Radical Heights,Radical Heights,618
Hunt: Showdown (Test Server),Hunt: Showdown (Test Server),606
CS2D,CS2D,605
ShellShock Live,ShellShock Live,600
War Trigger 3,War Trigger 3,599
Soundpad,Soundpad,595
Hunt: Showdown,Hunt: Showdown,594
Gang Beasts,Gang Beasts,582
Insurgency: Sandstorm,Insurgency: Sandstorm,581
Who's Your Daddy?!,Who's Your Daddy?!,572
Russian Fishing 4,Russian Fishing 4,560
Golf It!,Golf It!,558
CreativeDestruction,CreativeDestruction,552
Pacify,Pacify,546
Hide and Shriek,Hide and Shriek,533
Hurtworld,Hurtworld,525
Hurtworld SDK,Hurtworld SDK,525
Stay Out,Stay Out,513
Call of Duty: Ghosts,Call of Duty: Ghosts,511
Call of Duty: Ghosts - Multiplayer,Call of Duty: Ghosts - Multiplayer,511
NARUTO SHIPPUDEN: Ultimate Ninja STORM 4,NARUTO SHIPPUDEN: Ultimate Ninja STORM 4,510
BRAIN / OUT,BRAIN / OUT,503
Ultimate Custom Night,Ultimate Custom Night,500
Governor of Poker 3,Governor of Poker 3,490
High Octane Drift,High Octane Drift,483
Just Cause™ 3: Multiplayer Mod,Just Cause™ 3: Multiplayer Mod,476
Miscreated: Experimental Server,Miscreated: Experimental Server,475
Miscreated,Miscreated,467
Zup! S,Zup! S,454
Pro Evolution Soccer 2016 myClub,Pro Evolution Soccer 2016 myClub,421
Hand Simulator: Survival,Hand Simulator: Survival,407
McOsu,McOsu,403
